60000,62726,",'Alamein',",1);
60000,62726,",'Alamein',",2);
62400,65126,",'Alamein',",3);
62400,65126,",'Alamein',",4);
64800,71526,",'Alamein',",5);
64800,71526,",'Alamein',",6);
71200,73926,",'Alamein',",7);
71200,73926,",'Alamein',",8);
73600,80326,",'Alamein',",9);
73600,80326,",'Alamein',",10);
80000,82726,",'Alamein',",11);
80000,82726,",'Alamein',",12);
82400,85126,",'Alamein',",13);
82400,85126,",'Alamein',",14);
84800,91526,",'Alamein',",15);
84800,91526,",'Alamein',",16);
91200,93926,",'Alamein',",17);
91200,93926,",'Alamein',",18);
93600,100326,",'Alamein',",19);
93600,100326,",'Alamein',",20);
100000,102726,",'Alamein',",21);
100000,102726,",'Alamein',",22);
102400,105126,",'Alamein',",23);
102400,105126,",'Alamein',",24);
104800,111526,",'Alamein',",25);
104800,111526,",'Alamein',",26);
111200,113926,",'Alamein',",27);
111200,113926,",'Alamein',",28);
113600,120326,",'Alamein',",29);
113600,120326,",'Alamein',",30);
120000,122726,",'Alamein',",31);
120000,122726,",'Alamein',",32);
122400,125126,",'Alamein',",33);
122400,125126,",'Alamein',",34);
124800,131526,",'Alamein',",35);
124800,131526,",'Alamein',",36);
131200,133926,",'Alamein',",37);
131200,133926,",'Alamein',",38);
133600,140326,",'Alamein',",39);
133600,140326,",'Alamein',",40);
140000,142726,",'Alamein',",41);
140000,142726,",'Alamein',",42);
142400,145126,",'Alamein',",43);
142400,145126,",'Alamein',",44);
144800,151526,",'Alamein',",45);
144800,151526,",'Alamein',",46);
151200,153926,",'Alamein',",47);
151200,153926,",'Alamein',",48);
153600,160326,",'Alamein',",49);
153600,160326,",'Alamein',",50);
60000,72500,",'Belgrave',",51);
60000,72500,",'Belgrave',",52);
62400,74900,",'Belgrave',",53);
62400,74900,",'Belgrave',",54);
64800,81300,",'Belgrave',",55);
64800,81300,",'Belgrave',",56);
71200,83700,",'Belgrave',",57);
71200,83700,",'Belgrave',",58);
73600,90100,",'Belgrave',",59);
73600,90100,",'Belgrave',",60);
80000,92500,",'Belgrave',",61);
80000,92500,",'Belgrave',",62);
82400,94900,",'Belgrave',",63);
82400,94900,",'Belgrave',",64);
84800,101300,",'Belgrave',",65);
84800,101300,",'Belgrave',",66);
91200,103700,",'Belgrave',",67);
91200,103700,",'Belgrave',",68);
93600,110100,",'Belgrave',",69);
93600,110100,",'Belgrave',",70);
100000,112500,",'Belgrave',",71);
100000,112500,",'Belgrave',",72);
102400,114900,",'Belgrave',",73);
102400,114900,",'Belgrave',",74);
104800,121300,",'Belgrave',",75);
104800,121300,",'Belgrave',",76);
111200,123700,",'Belgrave',",77);
111200,123700,",'Belgrave',",78);
113600,130100,",'Belgrave',",79);
113600,130100,",'Belgrave',",80);
120000,132500,",'Belgrave',",81);
120000,132500,",'Belgrave',",82);
122400,134900,",'Belgrave',",83);
122400,134900,",'Belgrave',",84);
124800,141300,",'Belgrave',",85);
124800,141300,",'Belgrave',",86);
131200,143700,",'Belgrave',",87);
131200,143700,",'Belgrave',",88);
133600,150100,",'Belgrave',",89);
133600,150100,",'Belgrave',",90);
140000,152500,",'Belgrave',",91);
140000,152500,",'Belgrave',",92);
142400,154900,",'Belgrave',",93);
142400,154900,",'Belgrave',",94);
144800,161300,",'Belgrave',",95);
144800,161300,",'Belgrave',",96);
151200,163700,",'Belgrave',",97);
151200,163700,",'Belgrave',",98);
153600,170100,",'Belgrave',",99);
153600,170100,",'Belgrave',",100);
60000,62237,",'Craigieburn',",101);
60000,62237,",'Craigieburn',",102);
62400,64637,",'Craigieburn',",103);
62400,64637,",'Craigieburn',",104);
64800,71037,",'Craigieburn',",105);
64800,71037,",'Craigieburn',",106);
71200,73437,",'Craigieburn',",107);
71200,73437,",'Craigieburn',",108);
73600,75837,",'Craigieburn',",109);
73600,75837,",'Craigieburn',",110);
80000,82237,",'Craigieburn',",111);
80000,82237,",'Craigieburn',",112);
82400,84637,",'Craigieburn',",113);
82400,84637,",'Craigieburn',",114);
84800,91037,",'Craigieburn',",115);
84800,91037,",'Craigieburn',",116);
91200,93437,",'Craigieburn',",117);
91200,93437,",'Craigieburn',",118);
93600,95837,",'Craigieburn',",119);
93600,95837,",'Craigieburn',",120);
100000,102237,",'Craigieburn',",121);
100000,102237,",'Craigieburn',",122);
102400,104637,",'Craigieburn',",123);
102400,104637,",'Craigieburn',",124);
104800,111037,",'Craigieburn',",125);
104800,111037,",'Craigieburn',",126);
111200,113437,",'Craigieburn',",127);
111200,113437,",'Craigieburn',",128);
113600,115837,",'Craigieburn',",129);
113600,115837,",'Craigieburn',",130);
120000,122237,",'Craigieburn',",131);
120000,122237,",'Craigieburn',",132);
122400,124637,",'Craigieburn',",133);
122400,124637,",'Craigieburn',",134);
124800,131037,",'Craigieburn',",135);
124800,131037,",'Craigieburn',",136);
131200,133437,",'Craigieburn',",137);
131200,133437,",'Craigieburn',",138);
133600,135837,",'Craigieburn',",139);
133600,135837,",'Craigieburn',",140);
140000,142237,",'Craigieburn',",141);
140000,142237,",'Craigieburn',",142);
142400,144637,",'Craigieburn',",143);
142400,144637,",'Craigieburn',",144);
144800,151037,",'Craigieburn',",145);
144800,151037,",'Craigieburn',",146);
151200,153437,",'Craigieburn',",147);
151200,153437,",'Craigieburn',",148);
153600,155837,",'Craigieburn',",149);
153600,155837,",'Craigieburn',",150);
60000,62506,",'Cranbourne',",151);
60000,62506,",'Cranbourne',",152);
62400,64906,",'Cranbourne',",153);
62400,64906,",'Cranbourne',",154);
64800,71306,",'Cranbourne',",155);
64800,71306,",'Cranbourne',",156);
71200,73706,",'Cranbourne',",157);
71200,73706,",'Cranbourne',",158);
73600,80106,",'Cranbourne',",159);
73600,80106,",'Cranbourne',",160);
80000,82506,",'Cranbourne',",161);
80000,82506,",'Cranbourne',",162);
82400,84906,",'Cranbourne',",163);
82400,84906,",'Cranbourne',",164);
84800,91306,",'Cranbourne',",165);
84800,91306,",'Cranbourne',",166);
91200,93706,",'Cranbourne',",167);
91200,93706,",'Cranbourne',",168);
93600,100106,",'Cranbourne',",169);
93600,100106,",'Cranbourne',",170);
100000,102506,",'Cranbourne',",171);
100000,102506,",'Cranbourne',",172);
102400,104906,",'Cranbourne',",173);
102400,104906,",'Cranbourne',",174);
104800,111306,",'Cranbourne',",175);
104800,111306,",'Cranbourne',",176);
111200,113706,",'Cranbourne',",177);
111200,113706,",'Cranbourne',",178);
113600,120106,",'Cranbourne',",179);
113600,120106,",'Cranbourne',",180);
120000,122506,",'Cranbourne',",181);
120000,122506,",'Cranbourne',",182);
122400,124906,",'Cranbourne',",183);
122400,124906,",'Cranbourne',",184);
124800,131306,",'Cranbourne',",185);
124800,131306,",'Cranbourne',",186);
131200,133706,",'Cranbourne',",187);
131200,133706,",'Cranbourne',",188);
133600,140106,",'Cranbourne',",189);
133600,140106,",'Cranbourne',",190);
140000,142506,",'Cranbourne',",191);
140000,142506,",'Cranbourne',",192);
142400,144906,",'Cranbourne',",193);
142400,144906,",'Cranbourne',",194);
144800,151306,",'Cranbourne',",195);
144800,151306,",'Cranbourne',",196);
151200,153706,",'Cranbourne',",197);
151200,153706,",'Cranbourne',",198);
153600,160106,",'Cranbourne',",199);
153600,160106,",'Cranbourne',",200);
60000,64025,",'Mernda',",201);
60000,64025,",'Mernda',",202);
62400,70425,",'Mernda',",203);
62400,70425,",'Mernda',",204);
64800,72825,",'Mernda',",205);
64800,72825,",'Mernda',",206);
71200,75225,",'Mernda',",207);
71200,75225,",'Mernda',",208);
73600,81625,",'Mernda',",209);
73600,81625,",'Mernda',",210);
80000,84025,",'Mernda',",211);
80000,84025,",'Mernda',",212);
82400,90425,",'Mernda',",213);
82400,90425,",'Mernda',",214);
84800,92825,",'Mernda',",215);
84800,92825,",'Mernda',",216);
91200,95225,",'Mernda',",217);
91200,95225,",'Mernda',",218);
93600,101625,",'Mernda',",219);
93600,101625,",'Mernda',",220);
100000,104025,",'Mernda',",221);
100000,104025,",'Mernda',",222);
102400,110425,",'Mernda',",223);
102400,110425,",'Mernda',",224);
104800,112825,",'Mernda',",225);
104800,112825,",'Mernda',",226);
111200,115225,",'Mernda',",227);
111200,115225,",'Mernda',",228);
113600,121625,",'Mernda',",229);
113600,121625,",'Mernda',",230);
120000,124025,",'Mernda',",231);
120000,124025,",'Mernda',",232);
122400,130425,",'Mernda',",233);
122400,130425,",'Mernda',",234);
124800,132825,",'Mernda',",235);
124800,132825,",'Mernda',",236);
131200,135225,",'Mernda',",237);
131200,135225,",'Mernda',",238);
133600,141625,",'Mernda',",239);
133600,141625,",'Mernda',",240);
140000,144025,",'Mernda',",241);
140000,144025,",'Mernda',",242);
142400,150425,",'Mernda',",243);
142400,150425,",'Mernda',",244);
144800,152825,",'Mernda',",245);
144800,152825,",'Mernda',",246);
151200,155225,",'Mernda',",247);
151200,155225,",'Mernda',",248);
153600,161625,",'Mernda',",249);
153600,161625,",'Mernda',",250);
60000,74901,",'Frankston',",251);
60000,74901,",'Frankston',",252);
62400,81301,",'Frankston',",253);
62400,81301,",'Frankston',",254);
64800,83701,",'Frankston',",255);
64800,83701,",'Frankston',",256);
71200,90101,",'Frankston',",257);
71200,90101,",'Frankston',",258);
73600,92501,",'Frankston',",259);
73600,92501,",'Frankston',",260);
80000,94901,",'Frankston',",261);
80000,94901,",'Frankston',",262);
82400,101301,",'Frankston',",263);
82400,101301,",'Frankston',",264);
84800,103701,",'Frankston',",265);
84800,103701,",'Frankston',",266);
91200,110101,",'Frankston',",267);
91200,110101,",'Frankston',",268);
93600,112501,",'Frankston',",269);
93600,112501,",'Frankston',",270);
100000,114901,",'Frankston',",271);
100000,114901,",'Frankston',",272);
102400,121301,",'Frankston',",273);
102400,121301,",'Frankston',",274);
104800,123701,",'Frankston',",275);
104800,123701,",'Frankston',",276);
111200,130101,",'Frankston',",277);
111200,130101,",'Frankston',",278);
113600,132501,",'Frankston',",279);
113600,132501,",'Frankston',",280);
120000,134901,",'Frankston',",281);
120000,134901,",'Frankston',",282);
122400,141301,",'Frankston',",283);
122400,141301,",'Frankston',",284);
124800,143701,",'Frankston',",285);
124800,143701,",'Frankston',",286);
131200,150101,",'Frankston',",287);
131200,150101,",'Frankston',",288);
133600,152501,",'Frankston',",289);
133600,152501,",'Frankston',",290);
140000,154901,",'Frankston',",291);
140000,154901,",'Frankston',",292);
142400,161301,",'Frankston',",293);
142400,161301,",'Frankston',",294);
144800,163701,",'Frankston',",295);
144800,163701,",'Frankston',",296);
151200,170101,",'Frankston',",297);
151200,170101,",'Frankston',",298);
153600,172501,",'Frankston',",299);
153600,172501,",'Frankston',",300);
60000,71306,",'Glen Waverley',",301);
60000,71306,",'Glen Waverley',",302);
62400,73706,",'Glen Waverley',",303);
62400,73706,",'Glen Waverley',",304);
64800,80106,",'Glen Waverley',",305);
64800,80106,",'Glen Waverley',",306);
71200,82506,",'Glen Waverley',",307);
71200,82506,",'Glen Waverley',",308);
73600,84906,",'Glen Waverley',",309);
73600,84906,",'Glen Waverley',",310);
80000,91306,",'Glen Waverley',",311);
80000,91306,",'Glen Waverley',",312);
82400,93706,",'Glen Waverley',",313);
82400,93706,",'Glen Waverley',",314);
84800,100106,",'Glen Waverley',",315);
84800,100106,",'Glen Waverley',",316);
91200,102506,",'Glen Waverley',",317);
91200,102506,",'Glen Waverley',",318);
93600,104906,",'Glen Waverley',",319);
93600,104906,",'Glen Waverley',",320);
100000,111306,",'Glen Waverley',",321);
100000,111306,",'Glen Waverley',",322);
102400,113706,",'Glen Waverley',",323);
102400,113706,",'Glen Waverley',",324);
104800,120106,",'Glen Waverley',",325);
104800,120106,",'Glen Waverley',",326);
111200,122506,",'Glen Waverley',",327);
111200,122506,",'Glen Waverley',",328);
113600,124906,",'Glen Waverley',",329);
113600,124906,",'Glen Waverley',",330);
120000,131306,",'Glen Waverley',",331);
120000,131306,",'Glen Waverley',",332);
122400,133706,",'Glen Waverley',",333);
122400,133706,",'Glen Waverley',",334);
124800,140106,",'Glen Waverley',",335);
124800,140106,",'Glen Waverley',",336);
131200,142506,",'Glen Waverley',",337);
131200,142506,",'Glen Waverley',",338);
133600,144906,",'Glen Waverley',",339);
133600,144906,",'Glen Waverley',",340);
140000,151306,",'Glen Waverley',",341);
140000,151306,",'Glen Waverley',",342);
142400,153706,",'Glen Waverley',",343);
142400,153706,",'Glen Waverley',",344);
144800,160106,",'Glen Waverley',",345);
144800,160106,",'Glen Waverley',",346);
151200,162506,",'Glen Waverley',",347);
151200,162506,",'Glen Waverley',",348);
153600,164906,",'Glen Waverley',",349);
153600,164906,",'Glen Waverley',",350);
60000,71818,",'Hurstbridge',",351);
60000,71818,",'Hurstbridge',",352);
62400,74218,",'Hurstbridge',",353);
62400,74218,",'Hurstbridge',",354);
64800,80618,",'Hurstbridge',",355);
64800,80618,",'Hurstbridge',",356);
71200,83018,",'Hurstbridge',",357);
71200,83018,",'Hurstbridge',",358);
73600,85418,",'Hurstbridge',",359);
73600,85418,",'Hurstbridge',",360);
80000,91818,",'Hurstbridge',",361);
80000,91818,",'Hurstbridge',",362);
82400,94218,",'Hurstbridge',",363);
82400,94218,",'Hurstbridge',",364);
84800,100618,",'Hurstbridge',",365);
84800,100618,",'Hurstbridge',",366);
91200,103018,",'Hurstbridge',",367);
91200,103018,",'Hurstbridge',",368);
93600,105418,",'Hurstbridge',",369);
93600,105418,",'Hurstbridge',",370);
100000,111818,",'Hurstbridge',",371);
100000,111818,",'Hurstbridge',",372);
102400,114218,",'Hurstbridge',",373);
102400,114218,",'Hurstbridge',",374);
104800,120618,",'Hurstbridge',",375);
104800,120618,",'Hurstbridge',",376);
111200,123018,",'Hurstbridge',",377);
111200,123018,",'Hurstbridge',",378);
113600,125418,",'Hurstbridge',",379);
113600,125418,",'Hurstbridge',",380);
120000,131818,",'Hurstbridge',",381);
120000,131818,",'Hurstbridge',",382);
122400,134218,",'Hurstbridge',",383);
122400,134218,",'Hurstbridge',",384);
124800,140618,",'Hurstbridge',",385);
124800,140618,",'Hurstbridge',",386);
131200,143018,",'Hurstbridge',",387);
131200,143018,",'Hurstbridge',",388);
133600,145418,",'Hurstbridge',",389);
133600,145418,",'Hurstbridge',",390);
140000,151818,",'Hurstbridge',",391);
140000,151818,",'Hurstbridge',",392);
142400,154218,",'Hurstbridge',",393);
142400,154218,",'Hurstbridge',",394);
144800,160618,",'Hurstbridge',",395);
144800,160618,",'Hurstbridge',",396);
151200,163018,",'Hurstbridge',",397);
151200,163018,",'Hurstbridge',",398);
153600,165418,",'Hurstbridge',",399);
153600,165418,",'Hurstbridge',",400);
60000,62243,",'Lilydale',",401);
60000,62243,",'Lilydale',",402);
62400,64643,",'Lilydale',",403);
62400,64643,",'Lilydale',",404);
64800,71043,",'Lilydale',",405);
64800,71043,",'Lilydale',",406);
71200,73443,",'Lilydale',",407);
71200,73443,",'Lilydale',",408);
73600,75843,",'Lilydale',",409);
73600,75843,",'Lilydale',",410);
80000,82243,",'Lilydale',",411);
80000,82243,",'Lilydale',",412);
82400,84643,",'Lilydale',",413);
82400,84643,",'Lilydale',",414);
84800,91043,",'Lilydale',",415);
84800,91043,",'Lilydale',",416);
91200,93443,",'Lilydale',",417);
91200,93443,",'Lilydale',",418);
93600,95843,",'Lilydale',",419);
93600,95843,",'Lilydale',",420);
100000,102243,",'Lilydale',",421);
100000,102243,",'Lilydale',",422);
102400,104643,",'Lilydale',",423);
102400,104643,",'Lilydale',",424);
104800,111043,",'Lilydale',",425);
104800,111043,",'Lilydale',",426);
111200,113443,",'Lilydale',",427);
111200,113443,",'Lilydale',",428);
113600,115843,",'Lilydale',",429);
113600,115843,",'Lilydale',",430);
120000,122243,",'Lilydale',",431);
120000,122243,",'Lilydale',",432);
122400,124643,",'Lilydale',",433);
122400,124643,",'Lilydale',",434);
124800,131043,",'Lilydale',",435);
124800,131043,",'Lilydale',",436);
131200,133443,",'Lilydale',",437);
131200,133443,",'Lilydale',",438);
133600,135843,",'Lilydale',",439);
133600,135843,",'Lilydale',",440);
140000,142243,",'Lilydale',",441);
140000,142243,",'Lilydale',",442);
142400,144643,",'Lilydale',",443);
142400,144643,",'Lilydale',",444);
144800,151043,",'Lilydale',",445);
144800,151043,",'Lilydale',",446);
151200,153443,",'Lilydale',",447);
151200,153443,",'Lilydale',",448);
153600,155843,",'Lilydale',",449);
153600,155843,",'Lilydale',",450);
60000,71826,",'Pakenham',",451);
60000,71826,",'Pakenham',",452);
62400,74226,",'Pakenham',",453);
62400,74226,",'Pakenham',",454);
64800,80626,",'Pakenham',",455);
64800,80626,",'Pakenham',",456);
71200,83026,",'Pakenham',",457);
71200,83026,",'Pakenham',",458);
73600,85426,",'Pakenham',",459);
73600,85426,",'Pakenham',",460);
80000,91826,",'Pakenham',",461);
80000,91826,",'Pakenham',",462);
82400,94226,",'Pakenham',",463);
82400,94226,",'Pakenham',",464);
84800,100626,",'Pakenham',",465);
84800,100626,",'Pakenham',",466);
91200,103026,",'Pakenham',",467);
91200,103026,",'Pakenham',",468);
93600,105426,",'Pakenham',",469);
93600,105426,",'Pakenham',",470);
100000,111826,",'Pakenham',",471);
100000,111826,",'Pakenham',",472);
102400,114226,",'Pakenham',",473);
102400,114226,",'Pakenham',",474);
104800,120626,",'Pakenham',",475);
104800,120626,",'Pakenham',",476);
111200,123026,",'Pakenham',",477);
111200,123026,",'Pakenham',",478);
113600,125426,",'Pakenham',",479);
113600,125426,",'Pakenham',",480);
120000,131826,",'Pakenham',",481);
120000,131826,",'Pakenham',",482);
122400,134226,",'Pakenham',",483);
122400,134226,",'Pakenham',",484);
124800,140626,",'Pakenham',",485);
124800,140626,",'Pakenham',",486);
131200,143026,",'Pakenham',",487);
131200,143026,",'Pakenham',",488);
133600,145426,",'Pakenham',",489);
133600,145426,",'Pakenham',",490);
140000,151826,",'Pakenham',",491);
140000,151826,",'Pakenham',",492);
142400,154226,",'Pakenham',",493);
142400,154226,",'Pakenham',",494);
144800,160626,",'Pakenham',",495);
144800,160626,",'Pakenham',",496);
151200,163026,",'Pakenham',",497);
151200,163026,",'Pakenham',",498);
153600,165426,",'Pakenham',",499);
153600,165426,",'Pakenham',",500);
60000,62726,",'Sandringham',",501);
60000,62726,",'Sandringham',",502);
62400,65126,",'Sandringham',",503);
62400,65126,",'Sandringham',",504);
64800,71526,",'Sandringham',",505);
64800,71526,",'Sandringham',",506);
71200,73926,",'Sandringham',",507);
71200,73926,",'Sandringham',",508);
73600,80326,",'Sandringham',",509);
73600,80326,",'Sandringham',",510);
80000,82726,",'Sandringham',",511);
80000,82726,",'Sandringham',",512);
82400,85126,",'Sandringham',",513);
82400,85126,",'Sandringham',",514);
84800,91526,",'Sandringham',",515);
84800,91526,",'Sandringham',",516);
91200,93926,",'Sandringham',",517);
91200,93926,",'Sandringham',",518);
93600,100326,",'Sandringham',",519);
93600,100326,",'Sandringham',",520);
100000,102726,",'Sandringham',",521);
100000,102726,",'Sandringham',",522);
102400,105126,",'Sandringham',",523);
102400,105126,",'Sandringham',",524);
104800,111526,",'Sandringham',",525);
104800,111526,",'Sandringham',",526);
111200,113926,",'Sandringham',",527);
111200,113926,",'Sandringham',",528);
113600,120326,",'Sandringham',",529);
113600,120326,",'Sandringham',",530);
120000,122726,",'Sandringham',",531);
120000,122726,",'Sandringham',",532);
122400,125126,",'Sandringham',",533);
122400,125126,",'Sandringham',",534);
124800,131526,",'Sandringham',",535);
124800,131526,",'Sandringham',",536);
131200,133926,",'Sandringham',",537);
131200,133926,",'Sandringham',",538);
133600,140326,",'Sandringham',",539);
133600,140326,",'Sandringham',",540);
140000,142726,",'Sandringham',",541);
140000,142726,",'Sandringham',",542);
142400,145126,",'Sandringham',",543);
142400,145126,",'Sandringham',",544);
144800,151526,",'Sandringham',",545);
144800,151526,",'Sandringham',",546);
151200,153926,",'Sandringham',",547);
151200,153926,",'Sandringham',",548);
153600,160326,",'Sandringham',",549);
153600,160326,",'Sandringham',",550);
60000,62726,",'Stony Point',",551);
60000,62726,",'Stony Point',",552);
62400,65126,",'Stony Point',",553);
62400,65126,",'Stony Point',",554);
64800,71526,",'Stony Point',",555);
64800,71526,",'Stony Point',",556);
71200,73926,",'Stony Point',",557);
71200,73926,",'Stony Point',",558);
73600,80326,",'Stony Point',",559);
73600,80326,",'Stony Point',",560);
80000,82726,",'Stony Point',",561);
80000,82726,",'Stony Point',",562);
82400,85126,",'Stony Point',",563);
82400,85126,",'Stony Point',",564);
84800,91526,",'Stony Point',",565);
84800,91526,",'Stony Point',",566);
91200,93926,",'Stony Point',",567);
91200,93926,",'Stony Point',",568);
93600,100326,",'Stony Point',",569);
93600,100326,",'Stony Point',",570);
100000,102726,",'Stony Point',",571);
100000,102726,",'Stony Point',",572);
102400,105126,",'Stony Point',",573);
102400,105126,",'Stony Point',",574);
104800,111526,",'Stony Point',",575);
104800,111526,",'Stony Point',",576);
111200,113926,",'Stony Point',",577);
111200,113926,",'Stony Point',",578);
113600,120326,",'Stony Point',",579);
113600,120326,",'Stony Point',",580);
120000,122726,",'Stony Point',",581);
120000,122726,",'Stony Point',",582);
122400,125126,",'Stony Point',",583);
122400,125126,",'Stony Point',",584);
124800,131526,",'Stony Point',",585);
124800,131526,",'Stony Point',",586);
131200,133926,",'Stony Point',",587);
131200,133926,",'Stony Point',",588);
133600,140326,",'Stony Point',",589);
133600,140326,",'Stony Point',",590);
140000,142726,",'Stony Point',",591);
140000,142726,",'Stony Point',",592);
142400,145126,",'Stony Point',",593);
142400,145126,",'Stony Point',",594);
144800,151526,",'Stony Point',",595);
144800,151526,",'Stony Point',",596);
151200,153926,",'Stony Point',",597);
151200,153926,",'Stony Point',",598);
153600,160326,",'Stony Point',",599);
153600,160326,",'Stony Point',",600);
60000,62726,",'Sunbury',",601);
60000,62726,",'Sunbury',",602);
62400,65126,",'Sunbury',",603);
62400,65126,",'Sunbury',",604);
64800,71526,",'Sunbury',",605);
64800,71526,",'Sunbury',",606);
71200,73926,",'Sunbury',",607);
71200,73926,",'Sunbury',",608);
73600,80326,",'Sunbury',",609);
73600,80326,",'Sunbury',",610);
80000,82726,",'Sunbury',",611);
80000,82726,",'Sunbury',",612);
82400,85126,",'Sunbury',",613);
82400,85126,",'Sunbury',",614);
84800,91526,",'Sunbury',",615);
84800,91526,",'Sunbury',",616);
91200,93926,",'Sunbury',",617);
91200,93926,",'Sunbury',",618);
93600,100326,",'Sunbury',",619);
93600,100326,",'Sunbury',",620);
100000,102726,",'Sunbury',",621);
100000,102726,",'Sunbury',",622);
102400,105126,",'Sunbury',",623);
102400,105126,",'Sunbury',",624);
104800,111526,",'Sunbury',",625);
104800,111526,",'Sunbury',",626);
111200,113926,",'Sunbury',",627);
111200,113926,",'Sunbury',",628);
113600,120326,",'Sunbury',",629);
113600,120326,",'Sunbury',",630);
120000,122726,",'Sunbury',",631);
120000,122726,",'Sunbury',",632);
122400,125126,",'Sunbury',",633);
122400,125126,",'Sunbury',",634);
124800,131526,",'Sunbury',",635);
124800,131526,",'Sunbury',",636);
131200,133926,",'Sunbury',",637);
131200,133926,",'Sunbury',",638);
133600,140326,",'Sunbury',",639);
133600,140326,",'Sunbury',",640);
140000,142726,",'Sunbury',",641);
140000,142726,",'Sunbury',",642);
142400,145126,",'Sunbury',",643);
142400,145126,",'Sunbury',",644);
144800,151526,",'Sunbury',",645);
144800,151526,",'Sunbury',",646);
151200,153926,",'Sunbury',",647);
151200,153926,",'Sunbury',",648);
153600,160326,",'Sunbury',",649);
153600,160326,",'Sunbury',",650);
60000,62726,",'Upfield',",651);
60000,62726,",'Upfield',",652);
62400,65126,",'Upfield',",653);
62400,65126,",'Upfield',",654);
64800,71526,",'Upfield',",655);
64800,71526,",'Upfield',",656);
71200,73926,",'Upfield',",657);
71200,73926,",'Upfield',",658);
73600,80326,",'Upfield',",659);
73600,80326,",'Upfield',",660);
80000,82726,",'Upfield',",661);
80000,82726,",'Upfield',",662);
82400,85126,",'Upfield',",663);
82400,85126,",'Upfield',",664);
84800,91526,",'Upfield',",665);
84800,91526,",'Upfield',",666);
91200,93926,",'Upfield',",667);
91200,93926,",'Upfield',",668);
93600,100326,",'Upfield',",669);
93600,100326,",'Upfield',",670);
100000,102726,",'Upfield',",671);
100000,102726,",'Upfield',",672);
102400,105126,",'Upfield',",673);
102400,105126,",'Upfield',",674);
104800,111526,",'Upfield',",675);
104800,111526,",'Upfield',",676);
111200,113926,",'Upfield',",677);
111200,113926,",'Upfield',",678);
113600,120326,",'Upfield',",679);
113600,120326,",'Upfield',",680);
120000,122726,",'Upfield',",681);
120000,122726,",'Upfield',",682);
122400,125126,",'Upfield',",683);
122400,125126,",'Upfield',",684);
124800,131526,",'Upfield',",685);
124800,131526,",'Upfield',",686);
131200,133926,",'Upfield',",687);
131200,133926,",'Upfield',",688);
133600,140326,",'Upfield',",689);
133600,140326,",'Upfield',",690);
140000,142726,",'Upfield',",691);
140000,142726,",'Upfield',",692);
142400,145126,",'Upfield',",693);
142400,145126,",'Upfield',",694);
144800,151526,",'Upfield',",695);
144800,151526,",'Upfield',",696);
151200,153926,",'Upfield',",697);
151200,153926,",'Upfield',",698);
153600,160326,",'Upfield',",699);
153600,160326,",'Upfield',",700);
60000,62726,",'Werribee',",701);
60000,62726,",'Werribee',",702);
62400,65126,",'Werribee',",703);
62400,65126,",'Werribee',",704);
64800,71526,",'Werribee',",705);
64800,71526,",'Werribee',",706);
71200,73926,",'Werribee',",707);
71200,73926,",'Werribee',",708);
73600,80326,",'Werribee',",709);
73600,80326,",'Werribee',",710);
80000,82726,",'Werribee',",711);
80000,82726,",'Werribee',",712);
82400,85126,",'Werribee',",713);
82400,85126,",'Werribee',",714);
84800,91526,",'Werribee',",715);
84800,91526,",'Werribee',",716);
91200,93926,",'Werribee',",717);
91200,93926,",'Werribee',",718);
93600,100326,",'Werribee',",719);
93600,100326,",'Werribee',",720);
100000,102726,",'Werribee',",721);
100000,102726,",'Werribee',",722);
102400,105126,",'Werribee',",723);
102400,105126,",'Werribee',",724);
104800,111526,",'Werribee',",725);
104800,111526,",'Werribee',",726);
111200,113926,",'Werribee',",727);
111200,113926,",'Werribee',",728);
113600,120326,",'Werribee',",729);
113600,120326,",'Werribee',",730);
120000,122726,",'Werribee',",731);
120000,122726,",'Werribee',",732);
122400,125126,",'Werribee',",733);
122400,125126,",'Werribee',",734);
124800,131526,",'Werribee',",735);
124800,131526,",'Werribee',",736);
131200,133926,",'Werribee',",737);
131200,133926,",'Werribee',",738);
133600,140326,",'Werribee',",739);
133600,140326,",'Werribee',",740);
140000,142726,",'Werribee',",741);
140000,142726,",'Werribee',",742);
142400,145126,",'Werribee',",743);
142400,145126,",'Werribee',",744);
144800,151526,",'Werribee',",745);
144800,151526,",'Werribee',",746);
151200,153926,",'Werribee',",747);
151200,153926,",'Werribee',",748);
153600,160326,",'Werribee',",749);
153600,160326,",'Werribee',",750);
