Belgrave',51,[{060000,Tecoma',0},{060259,Upwey',2486.43},{060657,Upper Ferntree Gully',5802.52},{061118,Ferntree Gully',9426.5},{061529,Boronia',12909.8},{061709,Bayswater',14303.8},{061913,Heathmont',16017.8},{062045,Ringwood',17294.2},{062728,Heatherdale',22894.7},{062821,Mitcham',23636.5},{062950,Nunawading',24864.9},{063108,Blackburn',25954.3},{063303,Laburnum',27544.7},{063447,Box Hill',28997.7},{063611,Mont Albert',30162.6},{063813,Surrey Hills',31848.9},{064017,Chatham',33580.8},{064220,Canterbury',35285.5},{064536,East 'Camberwell',38001.8},{064948,Camberwell',41506.6},{065036,Auburn',42166.8},{065121,Glenferrie',42795.5},{065316,Hawthorn',44401.8},{065405,Burnley',45081.2},{065501,East Richmond',45851.6},{065629,Richmond',47079.1}]
Belgrave',52,[{060000,Richmond',0},{060227,East Richmond',2050.94},{060334,Burnley',2983.09},{060622,Hawthorn',5308.31},{060822,Glenferrie',6984.16},{061021,Auburn',8635.35},{061305,Camberwell',10911.6},{061514,East 'Camberwell',12695.6},{061850,Canterbury',15707.6},{062008,Chatham',16782.7},{062215,Surrey Hills',18553.9},{062321,Mont Albert',19465.7},{062430,Box Hill',20428.2},{062519,Laburnum',21101.2},{062708,Blackburn',22612.8},{062830,Nunawading',23762.1},{062959,Mitcham',24989.7},{063054,Heatherdale',25760},{063143,Ringwood',26439.4},{063339,Heathmont',28045.7},{063424,Bayswater',28674.4},{063512,Boronia',29334.6},{063924,Ferntree Gully',32839.5},{064240,Upper Ferntree Gully',35555.7},{064442,Upwey',37260.5},{064647,Tecoma',38992.3}]
Belgrave',53,[{062400,Tecoma',0},{062659,Upwey',2486.43},{063057,Upper Ferntree Gully',5802.52},{063518,Ferntree Gully',9426.5},{063929,Boronia',12909.8},{064109,Bayswater',14303.8},{064313,Heathmont',16017.8},{064445,Ringwood',17294.2},{065128,Heatherdale',22894.7},{065221,Mitcham',23636.5},{065350,Nunawading',24864.9},{065508,Blackburn',25954.3},{065703,'Laburnum',27544.7},{065847,'Box Hill',28997.7},{070011,'Mont Albert',30162.6},{070213,'Surrey Hills',31848.9},{070417,'Chatham',33580.8},{070620,Canterbury',35285.5},{070936,East 'Camberwell',38001.8},{071348,Camberwell',41506.6},{071436,Auburn',42166.8},{071521,Glenferrie',42795.5},{071716,Hawthorn',44401.8},{071805,'Burnley',45081.2},{071901,East Richmond',45851.6},{072029,Richmond',47079.1}]
Belgrave',54,[{062400,Richmond',0},{062627,East Richmond',2050.94},{062734,Burnley',2983.09},{063022,Hawthorn',5308.31},{063222,Glenferrie',6984.16},{063421,Auburn',8635.35},{063705,Camberwell',10911.6},{063914,East 'Camberwell',12695.6},{064250,Canterbury',15707.6},{064408,Chatham',16782.7},{064615,Surrey Hills',18553.9},{064721,Mont Albert',19465.7},{064830,'Box Hill',20428.2},{064919,'Laburnum',21101.2},{065108,'Blackburn',22612.8},{065230,'Nunawading',23762.1},{065359,'Mitcham',24989.7},{065454,Heatherdale',25760},{065543,Ringwood',26439.4},{065739,Heathmont',28045.7},{065824,Bayswater',28674.4},{065912,Boronia',29334.6},{070324,Ferntree Gully',32839.5},{070640,'Upper Ferntree Gully',35555.7},{070842,Upwey',37260.5},{071047,Tecoma',38992.3}]
Belgrave',55,[{064800,Tecoma',0},{065059,Upwey',2486.43},{065457,Upper Ferntree Gully',5802.52},{065918,Ferntree Gully',9426.5},{070329,Boronia',12909.8},{070509,Bayswater',14303.8},{070713,Heathmont',16017.8},{070845,Ringwood',17294.2},{071528,Heatherdale',22894.7},{071621,Mitcham',23636.5},{071750,Nunawading',24864.9},{071908,Blackburn',25954.3},{072103,'Laburnum',27544.7},{072247,'Box Hill',28997.7},{072411,'Mont Albert',30162.6},{072613,'Surrey Hills',31848.9},{072817,'Chatham',33580.8},{073020,Canterbury',35285.5},{073336,East 'Camberwell',38001.8},{073748,Camberwell',41506.6},{073836,Auburn',42166.8},{073921,Glenferrie',42795.5},{074116,Hawthorn',44401.8},{074205,'Burnley',45081.2},{074301,East Richmond',45851.6},{074429,Richmond',47079.1}]
Belgrave',56,[{064800,Richmond',0},{065027,East Richmond',2050.94},{065134,Burnley',2983.09},{065422,Hawthorn',5308.31},{065622,Glenferrie',6984.16},{065821,Auburn',8635.35},{070105,Camberwell',10911.6},{070314,East 'Camberwell',12695.6},{070650,Canterbury',15707.6},{070808,Chatham',16782.7},{071015,Surrey Hills',18553.9},{071121,Mont Albert',19465.7},{071230,'Box Hill',20428.2},{071319,'Laburnum',21101.2},{071508,'Blackburn',22612.8},{071630,'Nunawading',23762.1},{071759,'Mitcham',24989.7},{071854,Heatherdale',25760},{071943,Ringwood',26439.4},{072139,Heathmont',28045.7},{072224,Bayswater',28674.4},{072312,Boronia',29334.6},{072724,Ferntree Gully',32839.5},{073040,'Upper Ferntree Gully',35555.7},{073242,Upwey',37260.5},{073447,Tecoma',38992.3}]
Belgrave',57,[{071200,Tecoma',0},{071459,Upwey',2486.43},{071857,Upper Ferntree Gully',5802.52},{072318,Ferntree Gully',9426.5},{072729,Boronia',12909.8},{072909,Bayswater',14303.8},{073113,Heathmont',16017.8},{073245,Ringwood',17294.2},{073928,Heatherdale',22894.7},{074021,Mitcham',23636.5},{074150,Nunawading',24864.9},{074308,Blackburn',25954.3},{074503,'Laburnum',27544.7},{074647,'Box Hill',28997.7},{074811,'Mont Albert',30162.6},{075013,'Surrey Hills',31848.9},{075217,'Chatham',33580.8},{075420,Canterbury',35285.5},{075736,East 'Camberwell',38001.8},{080148,Camberwell',41506.6},{080236,Auburn',42166.8},{080321,Glenferrie',42795.5},{080516,Hawthorn',44401.8},{080605,'Burnley',45081.2},{080701,East Richmond',45851.6},{080829,Richmond',47079.1}]
Belgrave',58,[{071200,Richmond',0},{071427,East Richmond',2050.94},{071534,Burnley',2983.09},{071822,Hawthorn',5308.31},{072022,Glenferrie',6984.16},{072221,Auburn',8635.35},{072505,Camberwell',10911.6},{072714,East 'Camberwell',12695.6},{073050,Canterbury',15707.6},{073208,Chatham',16782.7},{073415,Surrey Hills',18553.9},{073521,Mont Albert',19465.7},{073630,'Box Hill',20428.2},{073719,'Laburnum',21101.2},{073908,'Blackburn',22612.8},{074030,'Nunawading',23762.1},{074159,'Mitcham',24989.7},{074254,Heatherdale',25760},{074343,Ringwood',26439.4},{074539,Heathmont',28045.7},{074624,Bayswater',28674.4},{074712,Boronia',29334.6},{075124,Ferntree Gully',32839.5},{075440,'Upper Ferntree Gully',35555.7},{075642,Upwey',37260.5},{075847,Tecoma',38992.3}]
Belgrave',59,[{073600,Tecoma',0},{073859,Upwey',2486.43},{074257,Upper Ferntree Gully',5802.52},{074718,Ferntree Gully',9426.5},{075129,Boronia',12909.8},{075309,Bayswater',14303.8},{075513,Heathmont',16017.8},{075645,Ringwood',17294.2},{080328,Heatherdale',22894.7},{080421,Mitcham',23636.5},{080550,Nunawading',24864.9},{080708,Blackburn',25954.3},{080903,'Laburnum',27544.7},{081047,'Box Hill',28997.7},{081211,'Mont Albert',30162.6},{081413,'Surrey Hills',31848.9},{081617,'Chatham',33580.8},{081820,Canterbury',35285.5},{082136,East 'Camberwell',38001.8},{082548,Camberwell',41506.6},{082636,Auburn',42166.8},{082721,Glenferrie',42795.5},{082916,Hawthorn',44401.8},{083005,'Burnley',45081.2},{083101,East Richmond',45851.6},{083229,Richmond',47079.1}]
Belgrave',60,[{073600,Richmond',0},{073827,East Richmond',2050.94},{073934,Burnley',2983.09},{074222,Hawthorn',5308.31},{074422,Glenferrie',6984.16},{074621,Auburn',8635.35},{074905,Camberwell',10911.6},{075114,East 'Camberwell',12695.6},{075450,Canterbury',15707.6},{075608,Chatham',16782.7},{075815,Surrey Hills',18553.9},{075921,Mont Albert',19465.7},{080030,'Box Hill',20428.2},{080119,'Laburnum',21101.2},{080308,'Blackburn',22612.8},{080430,'Nunawading',23762.1},{080559,'Mitcham',24989.7},{080654,Heatherdale',25760},{080743,Ringwood',26439.4},{080939,Heathmont',28045.7},{081024,Bayswater',28674.4},{081112,Boronia',29334.6},{081524,Ferntree Gully',32839.5},{081840,'Upper Ferntree Gully',35555.7},{082042,Upwey',37260.5},{082247,Tecoma',38992.3}]
Belgrave',61,[{080000,Tecoma',0},{080259,Upwey',2486.43},{080657,Upper Ferntree Gully',5802.52},{081118,Ferntree Gully',9426.5},{081529,Boronia',12909.8},{081709,Bayswater',14303.8},{081913,Heathmont',16017.8},{082045,Ringwood',17294.2},{082728,Heatherdale',22894.7},{082821,Mitcham',23636.5},{082950,Nunawading',24864.9},{083108,Blackburn',25954.3},{083303,'Laburnum',27544.7},{083447,'Box Hill',28997.7},{083611,'Mont Albert',30162.6},{083813,'Surrey Hills',31848.9},{084017,'Chatham',33580.8},{084220,Canterbury',35285.5},{084536,East 'Camberwell',38001.8},{084948,Camberwell',41506.6},{085036,Auburn',42166.8},{085121,Glenferrie',42795.5},{085316,Hawthorn',44401.8},{085405,'Burnley',45081.2},{085501,East Richmond',45851.6},{085629,Richmond',47079.1}]
Belgrave',62,[{080000,Richmond',0},{080227,East Richmond',2050.94},{080334,Burnley',2983.09},{080622,Hawthorn',5308.31},{080822,Glenferrie',6984.16},{081021,Auburn',8635.35},{081305,Camberwell',10911.6},{081514,East 'Camberwell',12695.6},{081850,Canterbury',15707.6},{082008,Chatham',16782.7},{082215,Surrey Hills',18553.9},{082321,Mont Albert',19465.7},{082430,'Box Hill',20428.2},{082519,'Laburnum',21101.2},{082708,'Blackburn',22612.8},{082830,'Nunawading',23762.1},{082959,'Mitcham',24989.7},{083054,Heatherdale',25760},{083143,Ringwood',26439.4},{083339,Heathmont',28045.7},{083424,Bayswater',28674.4},{083512,Boronia',29334.6},{083924,Ferntree Gully',32839.5},{084240,'Upper Ferntree Gully',35555.7},{084442,Upwey',37260.5},{084647,Tecoma',38992.3}]
Belgrave',63,[{082400,Tecoma',0},{082659,Upwey',2486.43},{083057,Upper Ferntree Gully',5802.52},{083518,Ferntree Gully',9426.5},{083929,Boronia',12909.8},{084109,Bayswater',14303.8},{084313,Heathmont',16017.8},{084445,Ringwood',17294.2},{085128,Heatherdale',22894.7},{085221,Mitcham',23636.5},{085350,Nunawading',24864.9},{085508,Blackburn',25954.3},{085703,'Laburnum',27544.7},{085847,'Box Hill',28997.7},{090011,'Mont Albert',30162.6},{090213,'Surrey Hills',31848.9},{090417,'Chatham',33580.8},{090620,Canterbury',35285.5},{090936,East 'Camberwell',38001.8},{091348,Camberwell',41506.6},{091436,Auburn',42166.8},{091521,Glenferrie',42795.5},{091716,Hawthorn',44401.8},{091805,'Burnley',45081.2},{091901,East Richmond',45851.6},{092029,Richmond',47079.1}]
Belgrave',64,[{082400,Richmond',0},{082627,East Richmond',2050.94},{082734,Burnley',2983.09},{083022,Hawthorn',5308.31},{083222,Glenferrie',6984.16},{083421,Auburn',8635.35},{083705,Camberwell',10911.6},{083914,East 'Camberwell',12695.6},{084250,Canterbury',15707.6},{084408,Chatham',16782.7},{084615,Surrey Hills',18553.9},{084721,Mont Albert',19465.7},{084830,'Box Hill',20428.2},{084919,'Laburnum',21101.2},{085108,'Blackburn',22612.8},{085230,'Nunawading',23762.1},{085359,'Mitcham',24989.7},{085454,Heatherdale',25760},{085543,Ringwood',26439.4},{085739,Heathmont',28045.7},{085824,Bayswater',28674.4},{085912,Boronia',29334.6},{090324,Ferntree Gully',32839.5},{090640,'Upper Ferntree Gully',35555.7},{090842,Upwey',37260.5},{091047,Tecoma',38992.3}]
Belgrave',65,[{084800,Tecoma',0},{085059,Upwey',2486.43},{085457,Upper Ferntree Gully',5802.52},{085918,Ferntree Gully',9426.5},{090329,Boronia',12909.8},{090509,Bayswater',14303.8},{090713,Heathmont',16017.8},{090845,Ringwood',17294.2},{091528,Heatherdale',22894.7},{091621,Mitcham',23636.5},{091750,Nunawading',24864.9},{091908,Blackburn',25954.3},{092103,'Laburnum',27544.7},{092247,'Box Hill',28997.7},{092411,'Mont Albert',30162.6},{092613,'Surrey Hills',31848.9},{092817,'Chatham',33580.8},{093020,Canterbury',35285.5},{093336,East 'Camberwell',38001.8},{093748,Camberwell',41506.6},{093836,Auburn',42166.8},{093921,Glenferrie',42795.5},{094116,Hawthorn',44401.8},{094205,'Burnley',45081.2},{094301,East Richmond',45851.6},{094429,Richmond',47079.1}]
Belgrave',66,[{084800,Richmond',0},{085027,East Richmond',2050.94},{085134,Burnley',2983.09},{085422,Hawthorn',5308.31},{085622,Glenferrie',6984.16},{085821,Auburn',8635.35},{090105,Camberwell',10911.6},{090314,East 'Camberwell',12695.6},{090650,Canterbury',15707.6},{090808,Chatham',16782.7},{091015,Surrey Hills',18553.9},{091121,Mont Albert',19465.7},{091230,'Box Hill',20428.2},{091319,'Laburnum',21101.2},{091508,'Blackburn',22612.8},{091630,'Nunawading',23762.1},{091759,'Mitcham',24989.7},{091854,Heatherdale',25760},{091943,Ringwood',26439.4},{092139,Heathmont',28045.7},{092224,Bayswater',28674.4},{092312,Boronia',29334.6},{092724,Ferntree Gully',32839.5},{093040,'Upper Ferntree Gully',35555.7},{093242,Upwey',37260.5},{093447,Tecoma',38992.3}]
Belgrave',67,[{091200,Tecoma',0},{091459,Upwey',2486.43},{091857,Upper Ferntree Gully',5802.52},{092318,Ferntree Gully',9426.5},{092729,Boronia',12909.8},{092909,Bayswater',14303.8},{093113,Heathmont',16017.8},{093245,Ringwood',17294.2},{093928,Heatherdale',22894.7},{094021,Mitcham',23636.5},{094150,Nunawading',24864.9},{094308,Blackburn',25954.3},{094503,'Laburnum',27544.7},{094647,'Box Hill',28997.7},{094811,'Mont Albert',30162.6},{095013,'Surrey Hills',31848.9},{095217,'Chatham',33580.8},{095420,Canterbury',35285.5},{095736,East 'Camberwell',38001.8},{100148,Camberwell',41506.6},{100236,Auburn',42166.8},{100321,Glenferrie',42795.5},{100516,Hawthorn',44401.8},{100605,'Burnley',45081.2},{100701,East Richmond',45851.6},{100829,Richmond',47079.1}]
Belgrave',68,[{091200,Richmond',0},{091427,East Richmond',2050.94},{091534,Burnley',2983.09},{091822,Hawthorn',5308.31},{092022,Glenferrie',6984.16},{092221,Auburn',8635.35},{092505,Camberwell',10911.6},{092714,East 'Camberwell',12695.6},{093050,Canterbury',15707.6},{093208,Chatham',16782.7},{093415,Surrey Hills',18553.9},{093521,Mont Albert',19465.7},{093630,'Box Hill',20428.2},{093719,'Laburnum',21101.2},{093908,'Blackburn',22612.8},{094030,'Nunawading',23762.1},{094159,'Mitcham',24989.7},{094254,Heatherdale',25760},{094343,Ringwood',26439.4},{094539,Heathmont',28045.7},{094624,Bayswater',28674.4},{094712,Boronia',29334.6},{095124,Ferntree Gully',32839.5},{095440,'Upper Ferntree Gully',35555.7},{095642,Upwey',37260.5},{095847,Tecoma',38992.3}]
Belgrave',69,[{093600,Tecoma',0},{093859,Upwey',2486.43},{094257,Upper Ferntree Gully',5802.52},{094718,Ferntree Gully',9426.5},{095129,Boronia',12909.8},{095309,Bayswater',14303.8},{095513,Heathmont',16017.8},{095645,Ringwood',17294.2},{100328,Heatherdale',22894.7},{100421,Mitcham',23636.5},{100550,Nunawading',24864.9},{100708,Blackburn',25954.3},{100903,'Laburnum',27544.7},{101047,'Box Hill',28997.7},{101211,'Mont Albert',30162.6},{101413,'Surrey Hills',31848.9},{101617,'Chatham',33580.8},{101820,Canterbury',35285.5},{102136,East 'Camberwell',38001.8},{102548,Camberwell',41506.6},{102636,Auburn',42166.8},{102721,Glenferrie',42795.5},{102916,Hawthorn',44401.8},{103005,'Burnley',45081.2},{103101,East Richmond',45851.6},{103229,Richmond',47079.1}]
Belgrave',70,[{093600,Richmond',0},{093827,East Richmond',2050.94},{093934,Burnley',2983.09},{094222,Hawthorn',5308.31},{094422,Glenferrie',6984.16},{094621,Auburn',8635.35},{094905,Camberwell',10911.6},{095114,East 'Camberwell',12695.6},{095450,Canterbury',15707.6},{095608,Chatham',16782.7},{095815,Surrey Hills',18553.9},{095921,Mont Albert',19465.7},{100030,'Box Hill',20428.2},{100119,'Laburnum',21101.2},{100308,'Blackburn',22612.8},{100430,'Nunawading',23762.1},{100559,'Mitcham',24989.7},{100654,Heatherdale',25760},{100743,Ringwood',26439.4},{100939,Heathmont',28045.7},{101024,Bayswater',28674.4},{101112,Boronia',29334.6},{101524,Ferntree Gully',32839.5},{101840,'Upper Ferntree Gully',35555.7},{102042,Upwey',37260.5},{102247,Tecoma',38992.3}]
Belgrave',71,[{100000,Tecoma',0},{100259,Upwey',2486.43},{100657,Upper Ferntree Gully',5802.52},{101118,Ferntree Gully',9426.5},{101529,Boronia',12909.8},{101709,Bayswater',14303.8},{101913,Heathmont',16017.8},{102045,Ringwood',17294.2},{102728,Heatherdale',22894.7},{102821,Mitcham',23636.5},{102950,Nunawading',24864.9},{103108,Blackburn',25954.3},{103303,'Laburnum',27544.7},{103447,'Box Hill',28997.7},{103611,'Mont Albert',30162.6},{103813,'Surrey Hills',31848.9},{104017,'Chatham',33580.8},{104220,Canterbury',35285.5},{104536,East 'Camberwell',38001.8},{104948,Camberwell',41506.6},{105036,Auburn',42166.8},{105121,Glenferrie',42795.5},{105316,Hawthorn',44401.8},{105405,'Burnley',45081.2},{105501,East Richmond',45851.6},{105629,Richmond',47079.1}]
Belgrave',72,[{100000,Richmond',0},{100227,East Richmond',2050.94},{100334,Burnley',2983.09},{100622,Hawthorn',5308.31},{100822,Glenferrie',6984.16},{101021,Auburn',8635.35},{101305,Camberwell',10911.6},{101514,East 'Camberwell',12695.6},{101850,Canterbury',15707.6},{102008,Chatham',16782.7},{102215,Surrey Hills',18553.9},{102321,Mont Albert',19465.7},{102430,'Box Hill',20428.2},{102519,'Laburnum',21101.2},{102708,'Blackburn',22612.8},{102830,'Nunawading',23762.1},{102959,'Mitcham',24989.7},{103054,Heatherdale',25760},{103143,Ringwood',26439.4},{103339,Heathmont',28045.7},{103424,Bayswater',28674.4},{103512,Boronia',29334.6},{103924,Ferntree Gully',32839.5},{104240,'Upper Ferntree Gully',35555.7},{104442,Upwey',37260.5},{104647,Tecoma',38992.3}]
Belgrave',73,[{102400,Tecoma',0},{102659,Upwey',2486.43},{103057,Upper Ferntree Gully',5802.52},{103518,Ferntree Gully',9426.5},{103929,Boronia',12909.8},{104109,Bayswater',14303.8},{104313,Heathmont',16017.8},{104445,Ringwood',17294.2},{105128,Heatherdale',22894.7},{105221,Mitcham',23636.5},{105350,Nunawading',24864.9},{105508,Blackburn',25954.3},{105703,'Laburnum',27544.7},{105847,'Box Hill',28997.7},{110011,'Mont Albert',30162.6},{110213,'Surrey Hills',31848.9},{110417,'Chatham',33580.8},{110620,Canterbury',35285.5},{110936,East 'Camberwell',38001.8},{111348,Camberwell',41506.6},{111436,Auburn',42166.8},{111521,Glenferrie',42795.5},{111716,Hawthorn',44401.8},{111805,'Burnley',45081.2},{111901,East Richmond',45851.6},{112029,Richmond',47079.1}]
Belgrave',74,[{102400,Richmond',0},{102627,East Richmond',2050.94},{102734,Burnley',2983.09},{103022,Hawthorn',5308.31},{103222,Glenferrie',6984.16},{103421,Auburn',8635.35},{103705,Camberwell',10911.6},{103914,East 'Camberwell',12695.6},{104250,Canterbury',15707.6},{104408,Chatham',16782.7},{104615,Surrey Hills',18553.9},{104721,Mont Albert',19465.7},{104830,'Box Hill',20428.2},{104919,'Laburnum',21101.2},{105108,'Blackburn',22612.8},{105230,'Nunawading',23762.1},{105359,'Mitcham',24989.7},{105454,Heatherdale',25760},{105543,Ringwood',26439.4},{105739,Heathmont',28045.7},{105824,Bayswater',28674.4},{105912,Boronia',29334.6},{110324,Ferntree Gully',32839.5},{110640,'Upper Ferntree Gully',35555.7},{110842,Upwey',37260.5},{111047,Tecoma',38992.3}]
Belgrave',75,[{104800,Tecoma',0},{105059,Upwey',2486.43},{105457,Upper Ferntree Gully',5802.52},{105918,Ferntree Gully',9426.5},{110329,Boronia',12909.8},{110509,Bayswater',14303.8},{110713,Heathmont',16017.8},{110845,Ringwood',17294.2},{111528,Heatherdale',22894.7},{111621,Mitcham',23636.5},{111750,Nunawading',24864.9},{111908,Blackburn',25954.3},{112103,'Laburnum',27544.7},{112247,'Box Hill',28997.7},{112411,'Mont Albert',30162.6},{112613,'Surrey Hills',31848.9},{112817,'Chatham',33580.8},{113020,Canterbury',35285.5},{113336,East 'Camberwell',38001.8},{113748,Camberwell',41506.6},{113836,Auburn',42166.8},{113921,Glenferrie',42795.5},{114116,Hawthorn',44401.8},{114205,'Burnley',45081.2},{114301,East Richmond',45851.6},{114429,Richmond',47079.1}]
Belgrave',76,[{104800,Richmond',0},{105027,East Richmond',2050.94},{105134,Burnley',2983.09},{105422,Hawthorn',5308.31},{105622,Glenferrie',6984.16},{105821,Auburn',8635.35},{110105,Camberwell',10911.6},{110314,East 'Camberwell',12695.6},{110650,Canterbury',15707.6},{110808,Chatham',16782.7},{111015,Surrey Hills',18553.9},{111121,Mont Albert',19465.7},{111230,'Box Hill',20428.2},{111319,'Laburnum',21101.2},{111508,'Blackburn',22612.8},{111630,'Nunawading',23762.1},{111759,'Mitcham',24989.7},{111854,Heatherdale',25760},{111943,Ringwood',26439.4},{112139,Heathmont',28045.7},{112224,Bayswater',28674.4},{112312,Boronia',29334.6},{112724,Ferntree Gully',32839.5},{113040,'Upper Ferntree Gully',35555.7},{113242,Upwey',37260.5},{113447,Tecoma',38992.3}]
Belgrave',77,[{111200,Tecoma',0},{111459,Upwey',2486.43},{111857,Upper Ferntree Gully',5802.52},{112318,Ferntree Gully',9426.5},{112729,Boronia',12909.8},{112909,Bayswater',14303.8},{113113,Heathmont',16017.8},{113245,Ringwood',17294.2},{113928,Heatherdale',22894.7},{114021,Mitcham',23636.5},{114150,Nunawading',24864.9},{114308,Blackburn',25954.3},{114503,'Laburnum',27544.7},{114647,'Box Hill',28997.7},{114811,'Mont Albert',30162.6},{115013,'Surrey Hills',31848.9},{115217,'Chatham',33580.8},{115420,Canterbury',35285.5},{115736,East 'Camberwell',38001.8},{120148,Camberwell',41506.6},{120236,Auburn',42166.8},{120321,Glenferrie',42795.5},{120516,Hawthorn',44401.8},{120605,'Burnley',45081.2},{120701,East Richmond',45851.6},{120829,Richmond',47079.1}]
Belgrave',78,[{111200,Richmond',0},{111427,East Richmond',2050.94},{111534,Burnley',2983.09},{111822,Hawthorn',5308.31},{112022,Glenferrie',6984.16},{112221,Auburn',8635.35},{112505,Camberwell',10911.6},{112714,East 'Camberwell',12695.6},{113050,Canterbury',15707.6},{113208,Chatham',16782.7},{113415,Surrey Hills',18553.9},{113521,Mont Albert',19465.7},{113630,'Box Hill',20428.2},{113719,'Laburnum',21101.2},{113908,'Blackburn',22612.8},{114030,'Nunawading',23762.1},{114159,'Mitcham',24989.7},{114254,Heatherdale',25760},{114343,Ringwood',26439.4},{114539,Heathmont',28045.7},{114624,Bayswater',28674.4},{114712,Boronia',29334.6},{115124,Ferntree Gully',32839.5},{115440,'Upper Ferntree Gully',35555.7},{115642,Upwey',37260.5},{115847,Tecoma',38992.3}]
Belgrave',79,[{113600,Tecoma',0},{113859,Upwey',2486.43},{114257,Upper Ferntree Gully',5802.52},{114718,Ferntree Gully',9426.5},{115129,Boronia',12909.8},{115309,Bayswater',14303.8},{115513,Heathmont',16017.8},{115645,Ringwood',17294.2},{120328,Heatherdale',22894.7},{120421,Mitcham',23636.5},{120550,Nunawading',24864.9},{120708,Blackburn',25954.3},{120903,'Laburnum',27544.7},{121047,'Box Hill',28997.7},{121211,'Mont Albert',30162.6},{121413,'Surrey Hills',31848.9},{121617,'Chatham',33580.8},{121820,Canterbury',35285.5},{122136,East 'Camberwell',38001.8},{122548,Camberwell',41506.6},{122636,Auburn',42166.8},{122721,Glenferrie',42795.5},{122916,Hawthorn',44401.8},{123005,'Burnley',45081.2},{123101,East Richmond',45851.6},{123229,Richmond',47079.1}]
Belgrave',80,[{113600,Richmond',0},{113827,East Richmond',2050.94},{113934,Burnley',2983.09},{114222,Hawthorn',5308.31},{114422,Glenferrie',6984.16},{114621,Auburn',8635.35},{114905,Camberwell',10911.6},{115114,East 'Camberwell',12695.6},{115450,Canterbury',15707.6},{115608,Chatham',16782.7},{115815,Surrey Hills',18553.9},{115921,Mont Albert',19465.7},{120030,'Box Hill',20428.2},{120119,'Laburnum',21101.2},{120308,'Blackburn',22612.8},{120430,'Nunawading',23762.1},{120559,'Mitcham',24989.7},{120654,Heatherdale',25760},{120743,Ringwood',26439.4},{120939,Heathmont',28045.7},{121024,Bayswater',28674.4},{121112,Boronia',29334.6},{121524,Ferntree Gully',32839.5},{121840,'Upper Ferntree Gully',35555.7},{122042,Upwey',37260.5},{122247,Tecoma',38992.3}]
Belgrave',81,[{120000,Tecoma',0},{120259,Upwey',2486.43},{120657,Upper Ferntree Gully',5802.52},{121118,Ferntree Gully',9426.5},{121529,Boronia',12909.8},{121709,Bayswater',14303.8},{121913,Heathmont',16017.8},{122045,Ringwood',17294.2},{122728,Heatherdale',22894.7},{122821,Mitcham',23636.5},{122950,Nunawading',24864.9},{123108,Blackburn',25954.3},{123303,'Laburnum',27544.7},{123447,'Box Hill',28997.7},{123611,'Mont Albert',30162.6},{123813,'Surrey Hills',31848.9},{124017,'Chatham',33580.8},{124220,Canterbury',35285.5},{124536,East 'Camberwell',38001.8},{124948,Camberwell',41506.6},{125036,Auburn',42166.8},{125121,Glenferrie',42795.5},{125316,Hawthorn',44401.8},{125405,'Burnley',45081.2},{125501,East Richmond',45851.6},{125629,Richmond',47079.1}]
Belgrave',82,[{120000,Richmond',0},{120227,East Richmond',2050.94},{120334,Burnley',2983.09},{120622,Hawthorn',5308.31},{120822,Glenferrie',6984.16},{121021,Auburn',8635.35},{121305,Camberwell',10911.6},{121514,East 'Camberwell',12695.6},{121850,Canterbury',15707.6},{122008,Chatham',16782.7},{122215,Surrey Hills',18553.9},{122321,Mont Albert',19465.7},{122430,'Box Hill',20428.2},{122519,'Laburnum',21101.2},{122708,'Blackburn',22612.8},{122830,'Nunawading',23762.1},{122959,'Mitcham',24989.7},{123054,Heatherdale',25760},{123143,Ringwood',26439.4},{123339,Heathmont',28045.7},{123424,Bayswater',28674.4},{123512,Boronia',29334.6},{123924,Ferntree Gully',32839.5},{124240,'Upper Ferntree Gully',35555.7},{124442,Upwey',37260.5},{124647,Tecoma',38992.3}]
Belgrave',83,[{122400,Tecoma',0},{122659,Upwey',2486.43},{123057,Upper Ferntree Gully',5802.52},{123518,Ferntree Gully',9426.5},{123929,Boronia',12909.8},{124109,Bayswater',14303.8},{124313,Heathmont',16017.8},{124445,Ringwood',17294.2},{125128,Heatherdale',22894.7},{125221,Mitcham',23636.5},{125350,Nunawading',24864.9},{125508,Blackburn',25954.3},{125703,'Laburnum',27544.7},{125847,'Box Hill',28997.7},{130011,'Mont Albert',30162.6},{130213,'Surrey Hills',31848.9},{130417,'Chatham',33580.8},{130620,Canterbury',35285.5},{130936,East 'Camberwell',38001.8},{131348,Camberwell',41506.6},{131436,Auburn',42166.8},{131521,Glenferrie',42795.5},{131716,Hawthorn',44401.8},{131805,'Burnley',45081.2},{131901,East Richmond',45851.6},{132029,Richmond',47079.1}]
Belgrave',84,[{122400,Richmond',0},{122627,East Richmond',2050.94},{122734,Burnley',2983.09},{123022,Hawthorn',5308.31},{123222,Glenferrie',6984.16},{123421,Auburn',8635.35},{123705,Camberwell',10911.6},{123914,East 'Camberwell',12695.6},{124250,Canterbury',15707.6},{124408,Chatham',16782.7},{124615,Surrey Hills',18553.9},{124721,Mont Albert',19465.7},{124830,'Box Hill',20428.2},{124919,'Laburnum',21101.2},{125108,'Blackburn',22612.8},{125230,'Nunawading',23762.1},{125359,'Mitcham',24989.7},{125454,Heatherdale',25760},{125543,Ringwood',26439.4},{125739,Heathmont',28045.7},{125824,Bayswater',28674.4},{125912,Boronia',29334.6},{130324,Ferntree Gully',32839.5},{130640,'Upper Ferntree Gully',35555.7},{130842,Upwey',37260.5},{131047,Tecoma',38992.3}]
Belgrave',85,[{124800,Tecoma',0},{125059,Upwey',2486.43},{125457,Upper Ferntree Gully',5802.52},{125918,Ferntree Gully',9426.5},{130329,Boronia',12909.8},{130509,Bayswater',14303.8},{130713,Heathmont',16017.8},{130845,Ringwood',17294.2},{131528,Heatherdale',22894.7},{131621,Mitcham',23636.5},{131750,Nunawading',24864.9},{131908,Blackburn',25954.3},{132103,'Laburnum',27544.7},{132247,'Box Hill',28997.7},{132411,'Mont Albert',30162.6},{132613,'Surrey Hills',31848.9},{132817,'Chatham',33580.8},{133020,Canterbury',35285.5},{133336,East 'Camberwell',38001.8},{133748,Camberwell',41506.6},{133836,Auburn',42166.8},{133921,Glenferrie',42795.5},{134116,Hawthorn',44401.8},{134205,'Burnley',45081.2},{134301,East Richmond',45851.6},{134429,Richmond',47079.1}]
Belgrave',86,[{124800,Richmond',0},{125027,East Richmond',2050.94},{125134,Burnley',2983.09},{125422,Hawthorn',5308.31},{125622,Glenferrie',6984.16},{125821,Auburn',8635.35},{130105,Camberwell',10911.6},{130314,East 'Camberwell',12695.6},{130650,Canterbury',15707.6},{130808,Chatham',16782.7},{131015,Surrey Hills',18553.9},{131121,Mont Albert',19465.7},{131230,'Box Hill',20428.2},{131319,'Laburnum',21101.2},{131508,'Blackburn',22612.8},{131630,'Nunawading',23762.1},{131759,'Mitcham',24989.7},{131854,Heatherdale',25760},{131943,Ringwood',26439.4},{132139,Heathmont',28045.7},{132224,Bayswater',28674.4},{132312,Boronia',29334.6},{132724,Ferntree Gully',32839.5},{133040,'Upper Ferntree Gully',35555.7},{133242,Upwey',37260.5},{133447,Tecoma',38992.3}]
Belgrave',87,[{131200,Tecoma',0},{131459,Upwey',2486.43},{131857,Upper Ferntree Gully',5802.52},{132318,Ferntree Gully',9426.5},{132729,Boronia',12909.8},{132909,Bayswater',14303.8},{133113,Heathmont',16017.8},{133245,Ringwood',17294.2},{133928,Heatherdale',22894.7},{134021,Mitcham',23636.5},{134150,Nunawading',24864.9},{134308,Blackburn',25954.3},{134503,'Laburnum',27544.7},{134647,'Box Hill',28997.7},{134811,'Mont Albert',30162.6},{135013,'Surrey Hills',31848.9},{135217,'Chatham',33580.8},{135420,Canterbury',35285.5},{135736,East 'Camberwell',38001.8},{140148,Camberwell',41506.6},{140236,Auburn',42166.8},{140321,Glenferrie',42795.5},{140516,Hawthorn',44401.8},{140605,'Burnley',45081.2},{140701,East Richmond',45851.6},{140829,Richmond',47079.1}]
Belgrave',88,[{131200,Richmond',0},{131427,East Richmond',2050.94},{131534,Burnley',2983.09},{131822,Hawthorn',5308.31},{132022,Glenferrie',6984.16},{132221,Auburn',8635.35},{132505,Camberwell',10911.6},{132714,East 'Camberwell',12695.6},{133050,Canterbury',15707.6},{133208,Chatham',16782.7},{133415,Surrey Hills',18553.9},{133521,Mont Albert',19465.7},{133630,'Box Hill',20428.2},{133719,'Laburnum',21101.2},{133908,'Blackburn',22612.8},{134030,'Nunawading',23762.1},{134159,'Mitcham',24989.7},{134254,Heatherdale',25760},{134343,Ringwood',26439.4},{134539,Heathmont',28045.7},{134624,Bayswater',28674.4},{134712,Boronia',29334.6},{135124,Ferntree Gully',32839.5},{135440,'Upper Ferntree Gully',35555.7},{135642,Upwey',37260.5},{135847,Tecoma',38992.3}]
Belgrave',89,[{133600,Tecoma',0},{133859,Upwey',2486.43},{134257,Upper Ferntree Gully',5802.52},{134718,Ferntree Gully',9426.5},{135129,Boronia',12909.8},{135309,Bayswater',14303.8},{135513,Heathmont',16017.8},{135645,Ringwood',17294.2},{140328,Heatherdale',22894.7},{140421,Mitcham',23636.5},{140550,Nunawading',24864.9},{140708,Blackburn',25954.3},{140903,'Laburnum',27544.7},{141047,'Box Hill',28997.7},{141211,'Mont Albert',30162.6},{141413,'Surrey Hills',31848.9},{141617,'Chatham',33580.8},{141820,Canterbury',35285.5},{142136,East 'Camberwell',38001.8},{142548,Camberwell',41506.6},{142636,Auburn',42166.8},{142721,Glenferrie',42795.5},{142916,Hawthorn',44401.8},{143005,'Burnley',45081.2},{143101,East Richmond',45851.6},{143229,Richmond',47079.1}]
Belgrave',90,[{133600,Richmond',0},{133827,East Richmond',2050.94},{133934,Burnley',2983.09},{134222,Hawthorn',5308.31},{134422,Glenferrie',6984.16},{134621,Auburn',8635.35},{134905,Camberwell',10911.6},{135114,East 'Camberwell',12695.6},{135450,Canterbury',15707.6},{135608,Chatham',16782.7},{135815,Surrey Hills',18553.9},{135921,Mont Albert',19465.7},{140030,'Box Hill',20428.2},{140119,'Laburnum',21101.2},{140308,'Blackburn',22612.8},{140430,'Nunawading',23762.1},{140559,'Mitcham',24989.7},{140654,Heatherdale',25760},{140743,Ringwood',26439.4},{140939,Heathmont',28045.7},{141024,Bayswater',28674.4},{141112,Boronia',29334.6},{141524,Ferntree Gully',32839.5},{141840,'Upper Ferntree Gully',35555.7},{142042,Upwey',37260.5},{142247,Tecoma',38992.3}]
Belgrave',91,[{140000,Tecoma',0},{140259,Upwey',2486.43},{140657,Upper Ferntree Gully',5802.52},{141118,Ferntree Gully',9426.5},{141529,Boronia',12909.8},{141709,Bayswater',14303.8},{141913,Heathmont',16017.8},{142045,Ringwood',17294.2},{142728,Heatherdale',22894.7},{142821,Mitcham',23636.5},{142950,Nunawading',24864.9},{143108,Blackburn',25954.3},{143303,'Laburnum',27544.7},{143447,'Box Hill',28997.7},{143611,'Mont Albert',30162.6},{143813,'Surrey Hills',31848.9},{144017,'Chatham',33580.8},{144220,Canterbury',35285.5},{144536,East 'Camberwell',38001.8},{144948,Camberwell',41506.6},{145036,Auburn',42166.8},{145121,Glenferrie',42795.5},{145316,Hawthorn',44401.8},{145405,'Burnley',45081.2},{145501,East Richmond',45851.6},{145629,Richmond',47079.1}]
Belgrave',92,[{140000,Richmond',0},{140227,East Richmond',2050.94},{140334,Burnley',2983.09},{140622,Hawthorn',5308.31},{140822,Glenferrie',6984.16},{141021,Auburn',8635.35},{141305,Camberwell',10911.6},{141514,East 'Camberwell',12695.6},{141850,Canterbury',15707.6},{142008,Chatham',16782.7},{142215,Surrey Hills',18553.9},{142321,Mont Albert',19465.7},{142430,'Box Hill',20428.2},{142519,'Laburnum',21101.2},{142708,'Blackburn',22612.8},{142830,'Nunawading',23762.1},{142959,'Mitcham',24989.7},{143054,Heatherdale',25760},{143143,Ringwood',26439.4},{143339,Heathmont',28045.7},{143424,Bayswater',28674.4},{143512,Boronia',29334.6},{143924,Ferntree Gully',32839.5},{144240,'Upper Ferntree Gully',35555.7},{144442,Upwey',37260.5},{144647,Tecoma',38992.3}]
Belgrave',93,[{142400,Tecoma',0},{142659,Upwey',2486.43},{143057,Upper Ferntree Gully',5802.52},{143518,Ferntree Gully',9426.5},{143929,Boronia',12909.8},{144109,Bayswater',14303.8},{144313,Heathmont',16017.8},{144445,Ringwood',17294.2},{145128,Heatherdale',22894.7},{145221,Mitcham',23636.5},{145350,Nunawading',24864.9},{145508,Blackburn',25954.3},{145703,'Laburnum',27544.7},{145847,'Box Hill',28997.7},{150011,'Mont Albert',30162.6},{150213,'Surrey Hills',31848.9},{150417,'Chatham',33580.8},{150620,Canterbury',35285.5},{150936,East 'Camberwell',38001.8},{151348,Camberwell',41506.6},{151436,Auburn',42166.8},{151521,Glenferrie',42795.5},{151716,Hawthorn',44401.8},{151805,'Burnley',45081.2},{151901,East Richmond',45851.6},{152029,Richmond',47079.1}]
Belgrave',94,[{142400,Richmond',0},{142627,East Richmond',2050.94},{142734,Burnley',2983.09},{143022,Hawthorn',5308.31},{143222,Glenferrie',6984.16},{143421,Auburn',8635.35},{143705,Camberwell',10911.6},{143914,East 'Camberwell',12695.6},{144250,Canterbury',15707.6},{144408,Chatham',16782.7},{144615,Surrey Hills',18553.9},{144721,Mont Albert',19465.7},{144830,'Box Hill',20428.2},{144919,'Laburnum',21101.2},{145108,'Blackburn',22612.8},{145230,'Nunawading',23762.1},{145359,'Mitcham',24989.7},{145454,Heatherdale',25760},{145543,Ringwood',26439.4},{145739,Heathmont',28045.7},{145824,Bayswater',28674.4},{145912,Boronia',29334.6},{150324,Ferntree Gully',32839.5},{150640,'Upper Ferntree Gully',35555.7},{150842,Upwey',37260.5},{151047,Tecoma',38992.3}]
Belgrave',95,[{144800,Tecoma',0},{145059,Upwey',2486.43},{145457,Upper Ferntree Gully',5802.52},{145918,Ferntree Gully',9426.5},{150329,Boronia',12909.8},{150509,Bayswater',14303.8},{150713,Heathmont',16017.8},{150845,Ringwood',17294.2},{151528,Heatherdale',22894.7},{151621,Mitcham',23636.5},{151750,Nunawading',24864.9},{151908,Blackburn',25954.3},{152103,'Laburnum',27544.7},{152247,'Box Hill',28997.7},{152411,'Mont Albert',30162.6},{152613,'Surrey Hills',31848.9},{152817,'Chatham',33580.8},{153020,Canterbury',35285.5},{153336,East 'Camberwell',38001.8},{153748,Camberwell',41506.6},{153836,Auburn',42166.8},{153921,Glenferrie',42795.5},{154116,Hawthorn',44401.8},{154205,'Burnley',45081.2},{154301,East Richmond',45851.6},{154429,Richmond',47079.1}]
Belgrave',96,[{144800,Richmond',0},{145027,East Richmond',2050.94},{145134,Burnley',2983.09},{145422,Hawthorn',5308.31},{145622,Glenferrie',6984.16},{145821,Auburn',8635.35},{150105,Camberwell',10911.6},{150314,East 'Camberwell',12695.6},{150650,Canterbury',15707.6},{150808,Chatham',16782.7},{151015,Surrey Hills',18553.9},{151121,Mont Albert',19465.7},{151230,'Box Hill',20428.2},{151319,'Laburnum',21101.2},{151508,'Blackburn',22612.8},{151630,'Nunawading',23762.1},{151759,'Mitcham',24989.7},{151854,Heatherdale',25760},{151943,Ringwood',26439.4},{152139,Heathmont',28045.7},{152224,Bayswater',28674.4},{152312,Boronia',29334.6},{152724,Ferntree Gully',32839.5},{153040,'Upper Ferntree Gully',35555.7},{153242,Upwey',37260.5},{153447,Tecoma',38992.3}]
Belgrave',97,[{151200,Tecoma',0},{151459,Upwey',2486.43},{151857,Upper Ferntree Gully',5802.52},{152318,Ferntree Gully',9426.5},{152729,Boronia',12909.8},{152909,Bayswater',14303.8},{153113,Heathmont',16017.8},{153245,Ringwood',17294.2},{153928,Heatherdale',22894.7},{154021,Mitcham',23636.5},{154150,Nunawading',24864.9},{154308,Blackburn',25954.3},{154503,'Laburnum',27544.7},{154647,'Box Hill',28997.7},{154811,'Mont Albert',30162.6},{155013,'Surrey Hills',31848.9},{155217,'Chatham',33580.8},{155420,Canterbury',35285.5},{155736,East 'Camberwell',38001.8},{160148,Camberwell',41506.6},{160236,Auburn',42166.8},{160321,Glenferrie',42795.5},{160516,Hawthorn',44401.8},{160605,'Burnley',45081.2},{160701,East Richmond',45851.6},{160829,Richmond',47079.1}]
Belgrave',98,[{151200,Richmond',0},{151427,East Richmond',2050.94},{151534,Burnley',2983.09},{151822,Hawthorn',5308.31},{152022,Glenferrie',6984.16},{152221,Auburn',8635.35},{152505,Camberwell',10911.6},{152714,East 'Camberwell',12695.6},{153050,Canterbury',15707.6},{153208,Chatham',16782.7},{153415,Surrey Hills',18553.9},{153521,Mont Albert',19465.7},{153630,'Box Hill',20428.2},{153719,'Laburnum',21101.2},{153908,'Blackburn',22612.8},{154030,'Nunawading',23762.1},{154159,'Mitcham',24989.7},{154254,Heatherdale',25760},{154343,Ringwood',26439.4},{154539,Heathmont',28045.7},{154624,Bayswater',28674.4},{154712,Boronia',29334.6},{155124,Ferntree Gully',32839.5},{155440,'Upper Ferntree Gully',35555.7},{155642,Upwey',37260.5},{155847,Tecoma',38992.3}]
Belgrave',99,[{153600,Tecoma',0},{153859,Upwey',2486.43},{154257,Upper Ferntree Gully',5802.52},{154718,Ferntree Gully',9426.5},{155129,Boronia',12909.8},{155309,Bayswater',14303.8},{155513,Heathmont',16017.8},{155645,Ringwood',17294.2},{160328,Heatherdale',22894.7},{160421,Mitcham',23636.5},{160550,Nunawading',24864.9},{160708,Blackburn',25954.3},{160903,'Laburnum',27544.7},{161047,'Box Hill',28997.7},{161211,'Mont Albert',30162.6},{161413,'Surrey Hills',31848.9},{161617,'Chatham',33580.8},{161820,Canterbury',35285.5},{162136,East 'Camberwell',38001.8},{162548,Camberwell',41506.6},{162636,Auburn',42166.8},{162721,Glenferrie',42795.5},{162916,Hawthorn',44401.8},{163005,'Burnley',45081.2},{163101,East Richmond',45851.6},{163229,Richmond',47079.1}]
Belgrave',100,[{153600,Richmond',0},{153827,East Richmond',2050.94},{153934,Burnley',2983.09},{154222,Hawthorn',5308.31},{154422,Glenferrie',6984.16},{154621,Auburn',8635.35},{154905,Camberwell',10911.6},{155114,East 'Camberwell',12695.6},{155450,Canterbury',15707.6},{155608,Chatham',16782.7},{155815,Surrey Hills',18553.9},{155921,Mont Albert',19465.7},{160030,'Box Hill',20428.2},{160119,'Laburnum',21101.2},{160308,'Blackburn',22612.8},{160430,'Nunawading',23762.1},{160559,'Mitcham',24989.7},{160654,Heatherdale',25760},{160743,Ringwood',26439.4},{160939,Heathmont',28045.7},{161024,Bayswater',28674.4},{161112,Boronia',29334.6},{161524,Ferntree Gully',32839.5},{161840,'Upper Ferntree Gully',35555.7},{162042,Upwey',37260.5},{162247,Tecoma',38992.3}]
